,year,per_capita_income
0,2021,42117.15916964039
1,2022,42945.624244862935
2,2023,43774.08932008571
3,2024,44602.554395308485
4,2025,45431.01947053103
